<?xml version="1.0" ?>
<!DOCTYPE DjVuMessages PUBLIC "-//W3C/DTD DjVuMessages 1.0//EN" "../../../pubtext/DjVuMessages.dtd">
<!-- Messages from libdjvu++ -->
<DjVuMessages>
<BODY>
<MESSAGE name="DjVuMessage.Unrecognized" number="10000">
[1-%0!05u!] Unrecognized message:
	Message name: %1!s!.
</MESSAGE>
<MESSAGE name="DjVuMessage.Parameter" number="10001">
&#09;Parameter: %1!s!.
</MESSAGE>
<MESSAGE name="DjVuMessage.failed_to_parse_XML" number="10002">
[1-%0!05u!] Failed to parse XML message file:
	&apos;%1!s!&apos;.
</MESSAGE>
<MESSAGE name="DjVuText.corrupt_text" number="10100">
[1-%0!05u!] Text layer hierarchy is corrupt"
</MESSAGE>
<MESSAGE name="DjVuText.no_text" number="10101">
[1-%0!05u!] Text expected but not found.
</MESSAGE>
<MESSAGE name="DjVuText.corrupt_chunk" number="10102">
[1-%0!05u!] File chunk corrupt -- too short.
</MESSAGE>
<MESSAGE name="DjVuText.bad_version" number="10103">
[1-%0!05u!] Text version '%1!c!' unexpected.
</MESSAGE>
<MESSAGE name="DjVuText.one_word" number="10104">
[1-%0!05u!] Separator found in the middle of a word.
</MESSAGE>
<MESSAGE name="DjVuText.dupl_text" number="10105">
[1-%0!05u!] More than one text layer found.
</MESSAGE>
<MESSAGE name="arrays.ill_arg" number="11500">
[1-%0!05u!] Illegal arguments in DArray::del.
</MESSAGE>
<MESSAGE name="arrays.ill_sub" number="11501">
[1-%0!05u!] Illegal DArray subscript.
</MESSAGE>
<MESSAGE name="arrays.resize" number="11502">
[1-%0!05u!] Invalid low and high bounds in DArray resize.
</MESSAGE>
<MESSAGE name="bad_arg" number="11600">
[1-%0!05u!] Illegal argument in %1!s!.
</MESSAGE>
<MESSAGE name="ByteStream.backward" number="11700">
[1-%0!05u!] Seeking backwards is not supported by this ByteStream.
</MESSAGE>
<MESSAGE name="ByteStream.bad_arg" number="11701">
[1-%0!05u!] Illegal argument in ByteStream::seek.
</MESSAGE>
<MESSAGE name="ByteStream.bad_mode" number="11703">
[1-%0!05u!] Illegal mode in StdioByteStream.
</MESSAGE>
<MESSAGE name="ByteStream.cant_write" number="11704">
[1-%0!05u!] Cannot write to BSByteStream created for decoding.
</MESSAGE>
<MESSAGE name="ByteStream.corrupt" number="11705">
[1-%0!05u!] Corrupted decoder input.
</MESSAGE>
<MESSAGE name="ByteStream.flush_error" number="11707">
[1-%0!05u!] StdioByteStream::flush, flush error.
</MESSAGE>
<MESSAGE name="ByteStream.no_read" number="11708">
[1-%0!05u!] StdioByteStream not opened for reading.
</MESSAGE>
<MESSAGE name="ByteStream.no_write" number="11709">
[1-%0!05u!] StdioByteStream not opened for writing.
</MESSAGE>
<MESSAGE name="ByteStream.open_fail2" number="11710">
[1-%0!05u!] StdioByteStream::StdioByteStream, failed to open file.
</MESSAGE>
<MESSAGE name="ByteStream.open_fail" number="11711">
[1-%0!05u!] Failed to open &apos;%1!s!&apos;: %2!s!.
</MESSAGE>
<MESSAGE name="ByteStream.read_error2" number="11712">
[1-%0!05u!] StdioByteStream::read, read error.
</MESSAGE>
<MESSAGE name="ByteStream.read_error" number="11713">
[1-%0!05u!] ByteStream::readall, read error.
</MESSAGE>
<MESSAGE name="ByteStream.seek_error2" number="11714">
[1-%0!05u!] Attempt to seek before the beginning of the file.
</MESSAGE>
<MESSAGE name="ByteStream.seek_error" number="11715">
[1-%0!05u!] StdioByteStream::seek, seek error.
</MESSAGE>
<MESSAGE name="ByteStream.seek" number="11716">
[1-%0!05u!] Seeking works funny on this ByteStream (ftell() acts strange).
</MESSAGE>
<MESSAGE name="ByteStream.write" number="11717">
[1-%0!05u!] ByteStream::write%1!s!, write error.
</MESSAGE>
<MESSAGE name="ByteStream.write_error2" number="11718">
[1-%0!05u!] StdioByteStream::write, write error.
</MESSAGE>
<MESSAGE name="ByteStream.write_error" number="11720">
[1-%0!05u!] Unknown error in ByteStream::write.
</MESSAGE>
<MESSAGE name="ByteStream.not_implemented" number="11721">
[1-%0!05u!] ByteStream::scanf is not implemented.
</MESSAGE>
<MESSAGE name="DataPool.add_data" number="11800">
[1-%0!05u!] Function DataPool::add_data() may not be called for connected
DataPools.
</MESSAGE>
<MESSAGE name="DataPool.bad_length" number="11801">
[1-%0!05u!] The length must be positive.
</MESSAGE>
<MESSAGE name="DataPool.bad_size" number="11802">
[1-%0!05u!] Size must be non negative.
</MESSAGE>
<MESSAGE name="DataPool.connected1" number="11803">
[1-%0!05u!] Already connected to another DataPool.
</MESSAGE>
<MESSAGE name="DataPool.connected2" number="11804">
[1-%0!05u!] Already connected to a file.
</MESSAGE>
<MESSAGE name="DataPool.neg_start" number="11805">
[1-%0!05u!] The start offset of the range may not be negative.
</MESSAGE>
<MESSAGE name="DataPool.no_threadless" number="11806">
[1-%0!05u!] Internal error. This function can &apos;t be used in threadless
mode.
</MESSAGE>
<MESSAGE name="DataPool.reenter" number="11807">
[1-%0!05u!] DATA_POOL_REENTER.
</MESSAGE>
<MESSAGE name="DataPool.seek_backward" number="11808">
[1-%0!05u!] Seeking backwards from EOF is not supported by this ByteStream.
</MESSAGE>
<MESSAGE name="DataPool.zero_DataPool" number="11809">
[1-%0!05u!] Internal error: ZERO DataPool passed as input.
</MESSAGE>
<MESSAGE name="DjVmDir0.no_slash" number="11900">
[1-%0!05u!] File name may not contain slashes.
</MESSAGE>
<MESSAGE name="DjVmDir.bad_dir" number="12000">
[1-%0!05u!] The directory contains both indirect and bundled records.
</MESSAGE>
<MESSAGE name="DjVmDir.bad_file" number="12001">
[1-%0!05u!] DjVm File ID &apos;%1!s!&apos; contains illegal character(s).
</MESSAGE>
<MESSAGE name="DjVmDir.corrupt" number="12002">
[1-%0!05u!] DjVu document is corrupt. There may be only one file
with shared annotations in a multipage document.
</MESSAGE>
<MESSAGE name="DjVmDir.dupl_id2" number="12003">
[1-%0!05u!] File with ID &apos;%1!s!&apos; already exists in the DJVM
directory.
</MESSAGE>
<MESSAGE name="DjVmDir.dupl_id" number="12004">
[1-%0!05u!] Error in &apos;DIRM&apos; chunk: two records for the same ID
&apos;%1!s!&apos;
</MESSAGE>
<MESSAGE name="DjVmDir.dupl_name2" number="12005">
[1-%0!05u!] File with NAME &apos;%1!s!&apos; already exists in the DJVM
directory.
</MESSAGE>
<MESSAGE name="DjVmDir.dupl_name" number="12006">
[1-%0!05u!] Error in &apos;DIRM&apos; chunk: two records for the same NAME
&apos;%1!s!&apos;
</MESSAGE>
<MESSAGE name="DjVmDir.dupl_title2" number="12007">
[1-%0!05u!] File with TITLE &apos;%1!s!&apos; already exists in the DJVM
directory.
</MESSAGE>
<MESSAGE name="DjVmDir.dupl_title" number="12008">
[1-%0!05u!] Error in &apos;DIRM&apos; chunk: two records for the same TITLE
&apos;%1!s!&apos;
</MESSAGE>
<MESSAGE name="DjVmDir.get_str_type" number="12009">
[1-%0!05u!] Internal error: please modify DjVmDir::File::get_str_type()
to contain all possible File types.
</MESSAGE>
<MESSAGE name="DjVmDir.multi_save2" number="12010">
[1-%0!05u!] Current DjVu multipage format does not support
more than one file with shared annotations.
</MESSAGE>
<MESSAGE name="DjVmDir.multi_save" number="12011">
[1-%0!05u!] Cannot save a multipage document containing more than one file
with shared annotations.
</MESSAGE>
<MESSAGE name="DjVmDir.name_in_use" number="12012">
[1-%0!05u!] Name &apos;%1!s!&apos; is already in use.
</MESSAGE>
<MESSAGE name="DjVmDir.no_indirect" number="12013">
[1-%0!05u!] Directory error: no indirect entries allowed in bundled document.
</MESSAGE>
<MESSAGE name="DjVmDir.no_info" number="12014">
[1-%0!05u!] Nothing is known about file with ID &apos;%1!s!&apos;
</MESSAGE>
<MESSAGE name="DjVmDir.title_in_use" number="12015">
[1-%0!05u!] Title &apos;%1!s!&apos; is already in use.
</MESSAGE>
<MESSAGE name="DjVmDir.version_error" number="12016">
[1-%0!05u!] Unable to read DJVM directories of versions higher than %1!s!.
Data version number is %2!s!.
</MESSAGE>
<MESSAGE name="DjVmDoc.cant_delete" number="12100">
[1-%0!05u!] There is no file with ID &apos;%1!s!&apos; to delete.
</MESSAGE>
<MESSAGE name="DjVmDoc.cant_find" number="12101">
[1-%0!05u!] Can&apos;t find file with ID &apos;%1!s!&apos;.
</MESSAGE>
<MESSAGE name="DjVmDoc.cant_read_indr" number="12102">
[1-%0!05u!] Can&apos;t read indirect DjVm documents from DataPools or
ByteStreams.
</MESSAGE>
<MESSAGE name="DjVmDoc.no_data" number="12103">
[1-%0!05u!] Strange: there is no data for file &apos;%1!s!&apos;
</MESSAGE>
<MESSAGE name="DjVmDoc.no_dirm_chunk" number="12104">
[1-%0!05u!] The first chunk of a DJVM document must be DIRM: must be an old
format.
</MESSAGE>
<MESSAGE name="DjVmDoc.no_duplicate" number="12105">
[1-%0!05u!] Attempt to insert the same file twice.
</MESSAGE>
<MESSAGE name="DjVmDoc.no_form_djvm2" number="12106">
[1-%0!05u!] Can&apos;t find form DJVM. The document is not in new multipage
format.
</MESSAGE>
<MESSAGE name="DjVmDoc.no_form_djvm" number="12107">
[1-%0!05u!] Can&apos;t find form DJVM in the input data.
</MESSAGE>
<MESSAGE name="DjVmDoc.not_IFF" number="12108">
[1-%0!05u!] File &apos;%1!s!&apos; is not in IFF format.
</MESSAGE>
<MESSAGE name="DjVmDoc.no_zero_file" number="12109">
[1-%0!05u!] Can&apos;t insert ZERO file.
</MESSAGE>
<MESSAGE name="DjVmDoc.zero_file" number="12110">
[1-%0!05u!] Strange: File size is zero.
</MESSAGE>
<MESSAGE name="DjVuAnno.bad_type" number="12200">
[1-%0!05u!] GLObject(): Wrong object type passed. Should be either STRING or
SYMBOL.
</MESSAGE>
<MESSAGE name="DjVuAnno.bad_url" number="12201">
[1-%0!05u!] Invalid URL specification.
</MESSAGE>
<MESSAGE name="DjVuAnno.bad_zoom" number="12203">
[1-%0!05u!] Illegal zoom specification.
</MESSAGE>
<MESSAGE name="DjVuAnno.invalid2list" number="12207">
[1-%0!05u!] Invalid object type. Can&apos;t convert to list.
</MESSAGE>
<MESSAGE name="DjVuAnno.invalid2number" number="12208">
[1-%0!05u!] Invalid object type. Can&apos;t convert to number.
</MESSAGE>
<MESSAGE name="DjVuAnno.invalid2string" number="12209">
[1-%0!05u!] Invalid object type. Can&apos;t convert to string.
</MESSAGE>
<MESSAGE name="DjVuAnno.invalid2symbol" number="12210">
[1-%0!05u!] Invalid object type. Can&apos;t convert to symbol.
</MESSAGE>
<MESSAGE name="DjVuAnno.list2number" number="12211">
[1-%0!05u!] Invalid object type. Can&apos;t convert compound object
&apos;%1!s!&apos; to number.
</MESSAGE>
<MESSAGE name="DjVuAnno.list2string" number="12212">
[1-%0!05u!] Invalid object type. Can&apos;t convert compound object
&apos;%1!s!&apos; to string.
</MESSAGE>
<MESSAGE name="DjVuAnno.list2symbol" number="12213">
[1-%0!05u!] Invalid object type. Can&apos;t convert compound object
&apos;%1!s!&apos; to symbol.
</MESSAGE>
<MESSAGE name="DjVuAnno.no_number" number="12214">
[1-%0!05u!] Error occurred when parsing contents of object &apos;%1!s!&apos;:
&apos;(&apos; must be followed by object name, not by number.
</MESSAGE>
<MESSAGE name="DjVuAnno.no_paren" number="12215">
[1-%0!05u!] Error occurred when parsing contents of object &apos;%1!s!&apos;:
&apos;(&apos; must be followed by object name, not by parenthesis.
</MESSAGE>
<MESSAGE name="DjVuAnno.no_string" number="12216">
[1-%0!05u!] Error occurred when parsing contents of object &apos;%1!s!&apos;:
&apos;(&apos; must be followed by object name, not by string.
</MESSAGE>
<MESSAGE name="DjVuAnno.number2list" number="12218">
[1-%0!05u!] Invalid object type. Can&apos;t convert number &apos;%1!d!&apos;
to compound object.
</MESSAGE>
<MESSAGE name="DjVuAnno.number2string" number="12219">
[1-%0!05u!] Invalid object type. Can&apos;t convert number &apos;%1!d!&apos;
to string.
</MESSAGE>
<MESSAGE name="DjVuAnno.number2symbol" number="12220">
[1-%0!05u!] Invalid object type. Can&apos;t convert number &apos;%1!d!&apos;
to symbol.
</MESSAGE>
<MESSAGE name="DjVuAnno.paren" number="12222">
[1-%0!05u!] Error occurred when parsing contents of object
&apos;%1!s!&apos;:
&apos;(&apos; must be IMMEDIATELY followed by an object name.
</MESSAGE>
<MESSAGE name="DjVuAnno.string2list" number="12223">
[1-%0!05u!] Invalid object type. Can&apos;t convert string &apos;%1!s!&apos;
to compound object.
</MESSAGE>
<MESSAGE name="DjVuAnno.string2number" number="12224">
[1-%0!05u!] Invalid object type. Can&apos;t convert string &apos;%1!s!&apos;
to number.
</MESSAGE>
<MESSAGE name="DjVuAnno.string2symbol" number="12225">
[1-%0!05u!] Invalid object type. Can&apos;t convert string &apos;%1!s!&apos;
to symbol.
</MESSAGE>
<MESSAGE name="DjVuAnno.symbol2list" number="12226">
[1-%0!05u!] Invalid object type. Can&apos;t convert symbol &apos;%1!s!&apos;
to compound object.
</MESSAGE>
<MESSAGE name="DjVuAnno.symbol2number" number="12227">
[1-%0!05u!] Invalid object type. Can&apos;t convert symbol &apos;%1!s!&apos;
to number.
</MESSAGE>
<MESSAGE name="DjVuAnno.symbol2string" number="12228">
[1-%0!05u!] Invalid object type. Can&apos;t convert symbol &apos;%1!s!&apos;
to string.
</MESSAGE>
<MESSAGE name="DjVuAnno.too_few" number="12229">
[1-%0!05u!] Too few elements in &apos;%1!s!&apos;
</MESSAGE>
<MESSAGE name="DjVuDocEditor.bad_page" number="12300">
[1-%0!05u!] Page number %1!d! is invalid.
</MESSAGE>
<MESSAGE name="DjVuDocEditor.cant_save2" number="12301">
[1-%0!05u!] Can&apos;t &apos;Save&apos; the document in the requested
format. Use &apos;Save As&apos;
</MESSAGE>
<MESSAGE name="DjVuDocEditor.cant_save" number="12302">
[1-%0!05u!] Can&apos;t save the document. Use &apos;Save As&apos;
</MESSAGE>
<MESSAGE name="DjVuDocEditor.create_fail" number="12303">
[1-%0!05u!] Failed to create file with ID &apos;%1!s!&apos;
</MESSAGE>
<MESSAGE name="DjVuDocEditor.dir_fail" number="12304">
[1-%0!05u!] Failed to create directory &apos;%1!s!&apos;
</MESSAGE>
<MESSAGE name="DjVuDocEditor.init" number="12305">
[1-%0!05u!] DjVuDocEditor has already been initialized.
</MESSAGE>
<MESSAGE name="DjVuDocEditor.no_codec" number="12306">
[1-%0!05u!] Failed to load compression codec.
</MESSAGE>
<MESSAGE name="DjVuDocEditor.no_file" number="12307">
[1-%0!05u!] There is no file with ID &apos;%1!s!&apos; in this document.
</MESSAGE>
<MESSAGE name="DjVuDocEditor.not_1_page" number="12308">
[1-%0!05u!] File &apos;%1!s!&apos; is not a single page DjVu file.
</MESSAGE>
<MESSAGE name="DjVuDocEditor.no_thumb" number="12309">
[1-%0!05u!] Internal error: Can&apos;t find thumbnail for page %1!d!.
</MESSAGE>
<MESSAGE name="DjVuDocEditor.not_init" number="12310">
[1-%0!05u!] DjVuDocEditor should have been initialized before used.
</MESSAGE>
<MESSAGE name="DjVuDocEditor.open_fail" number="12311">
[1-%0!05u!] Failed to open document &apos;%1!s!&apos;
</MESSAGE>
<MESSAGE name="DjVuDocEditor.page_fail" number="12312">
[1-%0!05u!] Internal error: unable to get page %1!d!.
</MESSAGE>
<MESSAGE name="DjVuDocEditor.page_num" number="12313">
[1-%0!05u!] Invalid page number %1!d!.
</MESSAGE>
<MESSAGE name="DjVuDocEditor.render" number="12314">
[1-%0!05u!] Unable to render image of page %1!d!.
</MESSAGE>
<MESSAGE name="DjVuDocEditor.share_fail" number="12315">
[1-%0!05u!] Attempt to create another file with shared annotations failed.
There may be only one such file in a multipage document.
</MESSAGE>
<MESSAGE name="DjVuDocument.2nd_init" number="12400">
[1-%0!05u!] DjVuDocument cannot be initialized twice.
</MESSAGE>
<MESSAGE name="DjVuDocument.bad_format" number="12401">
[1-%0!05u!] Unknown document format. Can&apos;t decode.
</MESSAGE>
<MESSAGE name="DjVuDocument.bad_thumb" number="12402">
[1-%0!05u!] Corrupted thumbnails.
</MESSAGE>
<MESSAGE name="DjVuDocument.big_num" number="12403">
[1-%0!05u!] Page number is too big.
</MESSAGE>
<MESSAGE name="DjVuDocument.cant_extract" number="12405">
[1-%0!05u!] Failed to extract predecoded thumbnails:.
</MESSAGE>
<MESSAGE name="DjVuDocument.cant_render" number="12406">
[1-%0!05u!] Unable to render page %1!d!.
</MESSAGE>
<MESSAGE name="DjVuDocument.comp_codec" number="12407">
[1-%0!05u!] Compression codec not loaded.
</MESSAGE>
<MESSAGE name="DjVuDocument.empty_url" number="12408">
[1-%0!05u!] Empty URL passed to DjVuDocument.
</MESSAGE>
<MESSAGE name="DjVuDocument.exclude_page" number="12409">
[1-%0!05u!] Excluding page %1!d! from the file list due to errors.
</MESSAGE>
<MESSAGE name="DjVuDocument.fail_URL" number="12411">
[1-%0!05u!] Failed to get data for URL &apos;%1!s!&apos;
</MESSAGE>
<MESSAGE name="DjVuDocument.file_outside" number="12412">
[1-%0!05u!] File &apos;%1!s!&apos; is not in this bundle.
</MESSAGE>
<MESSAGE name="DjVuDocument.init_eof" number="12413">
[1-%0!05u!] Unexpected End Of File encountered during document initialization.
</MESSAGE>
<MESSAGE name="DjVuDocument.init_not_done" number="12414">
[1-%0!05u!] Document has not been completely initialized yet.
</MESSAGE>
<MESSAGE name="DjVuDocument.miss_page_name" number="12415">
[1-%0!05u!] Page with name &apos;%1!s!&apos; is not in this document.
</MESSAGE>
<MESSAGE name="DjVuDocument.miss_page_num" number="12416">
[1-%0!05u!] Page &apos;%1!d!&apos; does not exist in this document.
</MESSAGE>
<MESSAGE name="DjVuDocument.no_dir" number="12417">
[1-%0!05u!] Single page documents don&apos;t have a DjVm directory.
</MESSAGE>
<MESSAGE name="DjVuDocument.no_file" number="12418">
[1-%0!05u!] The requested file does not exist.
</MESSAGE>
<MESSAGE name="DjVuDocument.no_page" number="12419">
[1-%0!05u!] Failed to find any page in this document.
</MESSAGE>
<MESSAGE name="DjVuDocument.not_DjVu" number="12420">
[1-%0!05u!] The requested input is not a DjVu File.
</MESSAGE>
<MESSAGE name="DjVuDocument.not_init" number="12421">
[1-%0!05u!] DjVuDocument is not initialized.
</MESSAGE>
<MESSAGE name="DjVuDocument.not_secure" number="12422">
[1-%0!05u!] DjVuDocument is not secured by a GP&lt;DjVuDocument&gt;
</MESSAGE>
<MESSAGE name="DjVuDocument.obsolete" number="12423">
[1-%0!05u!] The document is in obsolete format.
</MESSAGE>
<MESSAGE name="DjVuDocument.old_bundle" number="12424">
[1-%0!05u!] Only OLD_BUNDLED documents have DjVm v.0 directory.
</MESSAGE>
<MESSAGE name="DjVuDocument.stopped" number="12425">
[1-%0!05u!] DjVuDocument init thread STOPped.
</MESSAGE>
<MESSAGE name="DjVuDocument.unk_type" number="12426">
[1-%0!05u!] Unknown document type.
</MESSAGE>
<MESSAGE name="DjVuDocument.URL_outside2" number="12427">
[1-%0!05u!] URL &apos;%1!s!&apos; points outside of the INDIRECT document.
</MESSAGE>
<MESSAGE name="DjVuDocument.URL_outside" number="12428">
[1-%0!05u!] URL &apos;%1!s!&apos; points outside of the bundled document.
</MESSAGE>
<MESSAGE name="DjVuDocument.skip_page" number="12429">
[1-%0!05u!] Skipping page %1!d!.
</MESSAGE>
<MESSAGE name="DjVuFile.2nd_init" number="12500">
[1-%0!05u!] DjVuFile is already initialized.
</MESSAGE>
<MESSAGE name="DjVuFile.corrupt_BG44" number="12501">
[1-%0!05u!] DjVu Decoder: Corrupted data (Incorrect size in BG44 chunk).
</MESSAGE>
<MESSAGE name="DjVuFile.corrupt_dupl" number="12502">
[1-%0!05u!] DjVu Decoder: Corrupted file (Duplicate INFO chunk).
</MESSAGE>
<MESSAGE name="DjVuFile.corrupt_INFO" number="12503">
[1-%0!05u!] DjVu Decoder: Corrupted file (Found INFO chunk in FORM:DJVI).
</MESSAGE>
<MESSAGE name="DjVuFile.corrupt_missing_info" number="12504">
[1-%0!05u!] DjVu Decoder: Corrupted data (Missing INFO chunk).
</MESSAGE>
<MESSAGE name="DjVuFile.corrupt_missing_IW44" number="12505">
[1-%0!05u!] DjVu Decoder: Corrupted data (Missing IW44 data chunks).
</MESSAGE>
<MESSAGE name="DjVuFile.corrupt_zero" number="12506">
[1-%0!05u!] DjVu Decoder: Corrupted file (image size is zero).
</MESSAGE>
<MESSAGE name="DjVuFile.decode_fail" number="12507">
[1-%0!05u!] Decode of an included file failed.
</MESSAGE>
<MESSAGE name="DjVuFile.dupl_backgrnd" number="12508">
[1-%0!05u!] DjVu Decoder: Corrupted data (Duplicate background layer).
</MESSAGE>
<MESSAGE name="DjVuFile.dupl_Dxxx" number="12509">
[1-%0!05u!] DjVu Decoder: Corrupted data (Duplicate Dxxx chunk).
</MESSAGE>
<MESSAGE name="DjVuFile.dupl_foregrnd" number="12510">
[1-%0!05u!] DjVu Decoder: Corrupted data (Duplicate foreground color info).
</MESSAGE>
<MESSAGE name="DjVuFile.dupl_Sxxx" number="12511">
[1-%0!05u!] DjVu Decoder: Corrupted data (Duplicate Sxxx chunk).
</MESSAGE>
<MESSAGE name="DjVuFile.Dxxx_after_Sxxx" number="12512">
[1-%0!05u!] Decoder: Corrupted data (Dxxx chunk found after Sxxx chunk).
</MESSAGE>
<MESSAGE name="DjVuFile.empty_URL" number="12513">
[1-%0!05u!] Empty URL passed to DjVuFile.
</MESSAGE>
<MESSAGE name="DjVuFile.EOF" number="12514">
[1-%0!05u!] Unexpected End Of File Encountered Reading:
	%1!s!.
</MESSAGE>
<MESSAGE name="DjVuFile.failed" number="12515">
[1-%0!05u!] %1!s! FAILED.
</MESSAGE>
<MESSAGE name="DjVuFile.illegal_chunk" number="12516">
[1-%0!05u!] Illegal chunk number.
</MESSAGE>
<MESSAGE name="DjVuFile.malformed" number="12517">
[1-%0!05u!] Malformed INCL chunk. No slashes allowed.
</MESSAGE>
<MESSAGE name="DjVuFile.missing_chunk" number="12518">
[1-%0!05u!] Too few chunks.
</MESSAGE>
<MESSAGE name="DjVuFile.new_version" number="12519">
[1-%0!05u!] DjVu Decoder: Cannot decode DjVu files with version&gt;= %1!d!.
</MESSAGE>
<MESSAGE name="DjVuFile.no_create" number="12520">
[1-%0!05u!] Internal error: id_to_file(%1!s!) did not create any file.
</MESSAGE>
<MESSAGE name="DjVuFile.no_data" number="12521">
[1-%0!05u!] Failed get data for URL &apos;%1!s!&apos;
</MESSAGE>
<MESSAGE name="DjVuFile.not_finished" number="12522">
[1-%0!05u!] Internal error: an included file has not finished yet.
</MESSAGE>
<MESSAGE name="DjVuFile.not_init" number="12523">
[1-%0!05u!] DjVuFile is not initialized.
</MESSAGE>
<MESSAGE name="DjVuFile.not_secured" number="12524">
[1-%0!05u!] DjVuFile is not secured by a GP&lt;DjVuFile&gt;
</MESSAGE>
<MESSAGE name="DjVuFile.stopped" number="12525">
[1-%0!05u!] %1!s! STOPPED.
</MESSAGE>
<MESSAGE name="DjVuFile.unexp_image" number="12526">
[1-%0!05u!] DejaVu decoder: a DJVU or IW44 image was expected.
</MESSAGE>
<MESSAGE name="DjVuFile.unrecog_chunk" number="12527"
  value="%1!5.1f! Kb '%2!4s!' Unrecognized chunk." />
<MESSAGE name="DjVuFile.page_info" number="12528"
  value="%1!5.1f! Kb '%2!4s!' Page information." />
<MESSAGE name="DjVuFile.indir_chunk1" number="12529"
  value="%2!5.1f! Kb '%3!4s!' Indirection chunk (%1!s!)." />
<MESSAGE name="DjVuFile.indir_chunk2" number="12530"
  value="%1!5.1f! Kb '%2!4s!' Indirection chunk." />
<MESSAGE name="DjVuFile.shape_dict" number="12531"
  value="%2!5.1f! Kb '%3!4s!' JB2 shape dictionary (%1!d! shapes)." />
<MESSAGE name="DjVuFile.fg_mask" number="12532"
  value="%4!5.1f! Kb '%5!4s!' JB2 foreground mask (%1!d!x%2!d!, %3!d! dpi)." />
<MESSAGE name="DjVuFile.G4_mask" number="12533"
  value="%4!5.1f! Kb '%5!4s!' G4/MMR encoded mask (%1!d!x%2!d!, %3!d! dpi)." />
<MESSAGE name="DjVuFile.IW44_bg1" number="12534"
  value="%4!5.1f! Kb '%5!4s!' IW44 background (%1!d!x%2!d!, %3!d! dpi)." />
<MESSAGE name="DjVuFile.IW44_bg2" number="12535"
  value="%3!5.1f! Kb '%4!4s!' IW44 background (part %1!d!, %2!d! dpi)." />
<MESSAGE name="DjVuFile.IW44_fg" number="12536"
  value="%4!5.1f! Kb '%5!4s!' IW44 foreground colors (%1!d!x%2!d!, %3!d! dpi)." />
<MESSAGE name="DjVuFile.color_import1" number="12537"
  value="%4!5.1f! Kb '%5!4s!' LINK Color Import (%1!d!x%2!d!, %3!d! dpi)." />
<MESSAGE name="DjVuFile.color_import2" number="12538"
  value="%1!5.1f! Kb '%2!4s!' LINK Color Import (Unimplemented)." />
<MESSAGE name="DjVuFile.JPEG_bg1" number="12539"
  value="%4!5.1f! Kb '%5!4s!' JPEG background (%1!d!x%2!d!, %3!d! dpi)." />
<MESSAGE name="DjVuFile.JPEG_bg2" number="12540"
  value="%1!5.1f! Kb '%2!4s!' JPEG background (Unimplemented)." />
<MESSAGE name="DjVuFile.JPEG_fg1" number="12541"
  value="%4!5.1f! Kb '%5!4s!' JPEG foreground colors (%1!d!x%2!d!, %3!d! dpi)." />
<MESSAGE name="DjVuFile.JPEG_fg2" number="12542"
  value="%1!5.1f! Kb '%2!4s!' JPEG foreground colors (Unimplemented)." />
<MESSAGE name="DjVuFile.JPEG2K_bg" number="12543"
  value="%1!5.1f! Kb '%2!4s!' JPEG-2000 background (Unimplemented)." />
<MESSAGE name="DjVuFile.JPEG2K_fg" number="12544"
  value="[1-%0!05u!] %1!5.1f! Kb '%2!4s!' JPEG-2000 foreground colors (Unimplemented)." />
<MESSAGE name="DjVuFile.JB2_fg" number="12545"
  value="%3!5.1f! Kb '%4!4s!' JB2 foreground colors (%1!d! colors, %2!d! ccs)." />
<MESSAGE name="DjVuFile.IW44_data1" number="12546"
  value="%4!5.1f! Kb '%5!4s!' IW44 data (%1!d!x%2!d!, %3!d! dpi)." />
<MESSAGE name="DjVuFile.IW44_data2" number="12547"
  value="%3!5.1f! Kb '%4!4s!' IW44 data (part %1!d!, %2!d! dpi)." />
<MESSAGE name="DjVuFile.nav_dir" number="12548"
  value="%1!5.1f! Kb '%2!4s!' Navigation directory (obsolete)." />
<MESSAGE name="DjVuFile.anno1" number="12549"
  value="%1!5.1f! Kb '%2!4s!' Annotations (bundled)." />
<MESSAGE name="DjVuFile.anno2" number="12550"
  value="%1!5.1f! Kb '%2!4s!' Annotations (hyperlinks, etc.)." />
<MESSAGE name="DjVuFile.text" number="12551"
  value="%1!5.1f! Kb '%2!4s!' Text (text, etc.)." />
<MESSAGE name="DjVuFile.djvu_header" number="12552"
  value="DJVU Image (%1!d!x%2!d!, %3!d! dpi) version %4!d!:&#10;" />
<MESSAGE name="DjVuFile.IW44_header" number="12553"
  value="IW44 Image (%1!d!x%2!d!, %3!d! dpi):&#10;" />
<MESSAGE name="DjVuFile.ratio" number="12554"
  value="&#10;Compression ratio: %1!0.f! (%2!0.1f! Kb)" />
<MESSAGE name="DjVuFile.securedjvu" number="12555">
Incompatible file (so-called "Secure DjVu".)
</MESSAGE>
<MESSAGE name="DjVuGlobalMemory.exhausted" number="12600">
[1-%0!05u!] Memory Exhausted.
</MESSAGE>
<MESSAGE name="DjVuGlobal.not_compatible" number="12700">
[1-%0!05u!] DjVuProgress is not compatible with multithreading.
</MESSAGE>
<MESSAGE name="DjVuImage.bad_call" number="12800">
[1-%0!05u!] DjVuImage::decode should not be called after DjVuImage::connect.
</MESSAGE>
<MESSAGE name="DjVuImage.bad_rect2" number="12801">
[1-%0!05u!] (DjVuImage::do_pixmap) Illegal target rectangles.
</MESSAGE>
<MESSAGE name="DjVuImage.bad_rect" number="12802">
[1-%0!05u!] (DjVuImage::get_pixmap) Illegal target rectangles.
</MESSAGE>
<MESSAGE name="DjVuImage.corrupted" number="12803">
[1-%0!05u!] Corrupted file (color index is greater than palette size).
</MESSAGE>
<MESSAGE name="DjVuImage.mult_error" number="12804">
[1-%0!05u!] Multiple errors while decoding.
</MESSAGE>
<MESSAGE name="DjVuImage.not_decode" number="12805">
[1-%0!05u!] Cannot decode this DjVu document using the backward-compatibility
mode.
</MESSAGE>
<MESSAGE name="DjVuImage.short1" number="12806"
  value="%1!d!x%2!d! in %3!0.1f! Kb" />
<MESSAGE name="DjVuImage.short2" number="12807" 
  value="%1!d!x%2!d!" />
<MESSAGE name="DjVuInfo.corrupt_file" number="12900">
[1-%0!05u!] DjVu Decoder: Corrupted file (truncated INFO chunk).
</MESSAGE>
<MESSAGE name="DjVuNavDir.bad_page" number="13000">
[1-%0!05u!] Invalid page number passed as input.
</MESSAGE>
<MESSAGE name="DjVuNavDir.large_page" number="13001">
[1-%0!05u!] Page number is too big.
</MESSAGE>
<MESSAGE name="DjVuNavDir.long_line" number="13002">
[1-%0!05u!] Failed to read DjVu directory. Line is too long.
</MESSAGE>
<MESSAGE name="DjVuNavDir.neg_page" number="13003">
[1-%0!05u!] Page number may not be negative.
</MESSAGE>
<MESSAGE name="DjVuNavDir.zero_dir" number="13004">
[1-%0!05u!] ZERO directory URL passed to the DjVuNavDir constructor.
</MESSAGE>
<MESSAGE name="DjVuPalette.bad_palette" number="13100">
[1-%0!05u!] Corrupted foreground color palette.
</MESSAGE>
<MESSAGE name="DjVuPalette.bad_version" number="13101">
[1-%0!05u!] Unrecognized version tag in palette data.
</MESSAGE>
<MESSAGE name="DjVuPalette.many_colors" number="13102">
[1-%0!05u!] Unrealistic number of colors.
</MESSAGE>
<MESSAGE name="DjVuPalette.no_color" number="13103">
[1-%0!05u!] Color histogram not found.
</MESSAGE>
<MESSAGE name="DjVuPalette.not_init" number="13104">
[1-%0!05u!] Palette is not initialized.
</MESSAGE>
<MESSAGE name="DjVuPalette.test_usage" number="13105">
[1-%0!05u!] Usage: quant&lt;ncol&gt;&lt;minbox&gt;&lt;ppmfile&gt;
</MESSAGE>
<MESSAGE name="DjVuPort.not_alloc" number="13200">
[1-%0!05u!] DjVuPort was not allocated on the heap.
</MESSAGE>
<MESSAGE name="DjVuToPS.bad_EPS_num" number="13300">
[1-%0!05u!] Only one copy can be printed in EPS format.
</MESSAGE>
<MESSAGE name="DjVuToPS.bad_format" number="13301">
[1-%0!05u!] PostScript format must be either PS or EPS.
</MESSAGE>
<MESSAGE name="DjVuToPS.bad_gamma" number="13302">
[1-%0!05u!] Invalid gamma specified. Must be between 0.3 and 5.0.
</MESSAGE>
<MESSAGE name="DjVuToPS.bad_level" number="13303">
[1-%0!05u!] Invalid PostScript level %1!d!. Must be either 1 or 2.
</MESSAGE>
<MESSAGE name="DjVuToPS.bad_mode" number="13304">
[1-%0!05u!] Invalid image mode passed to printing code.
</MESSAGE>
<MESSAGE name="DjVuToPS.bad_number" number="13305">
[1-%0!05u!] The number of copies must be positive.
</MESSAGE>
<MESSAGE name="DjVuToPS.bad_orient" number="13306">
[1-%0!05u!] Invalid orientation passed to printing code.
</MESSAGE>
<MESSAGE name="DjVuToPS.bad_page" number="13307">
[1-%0!05u!] Illegal page number &apos;%1!d!&apos;
</MESSAGE>
<MESSAGE name="DjVuToPS.bad_range" number="13308">
[1-%0!05u!] Illegal range &apos;%1!s!&apos;
</MESSAGE>
<MESSAGE name="DjVuToPS.bad_scale" number="13309">
[1-%0!05u!] Attempt to scale image to point while printing.
</MESSAGE>
<MESSAGE name="DjVuToPS.bad_zoom" number="13310">
[1-%0!05u!] Invalid zoom factor passed to printing code.
</MESSAGE>
<MESSAGE name="DjVuToPS.big_page" number="13311">
[1-%0!05u!] Page number %1!d! is too big.
</MESSAGE>
<MESSAGE name="DjVuToPS.empty_image" number="13313">
[1-%0!05u!] Attempt to print an empty image.
</MESSAGE>
<MESSAGE name="DjVuToPS.empty_rect" number="13314">
[1-%0!05u!] Attempt to print an empty rectangle.
</MESSAGE>
<MESSAGE name="DjVuToPS.no_image" number="13315">
[1-%0!05u!] Failed to get image for page %1!d!.
</MESSAGE>
<MESSAGE name="DjVuToPS.no_landscape" number="13316">
[1-%0!05u!] LANDSCAPE mode is not supported by EPS format.
</MESSAGE>
<MESSAGE name="DjVuToPS.no_to" number="13318">
[1-%0!05u!] Missing &apos;To&apos; page number in range &apos;%1!s!&apos;
</MESSAGE>
<MESSAGE name="DjVuToPS.only_one_page" number="13319">
[1-%0!05u!] Can&apos;t print more than one page in EPS format.
</MESSAGE>
<MESSAGE name="EOF" number="13400">
Unexpected End Of File.
</MESSAGE>
<MESSAGE name="Error" number="13500">
Error: %1!s!.
</MESSAGE>
<MESSAGE name="error" number="13600">
Error: %1!s!.
</MESSAGE>
<MESSAGE name="Failed" number="13700">
Failed.
</MESSAGE>
<MESSAGE name="GBitmap.bad_format" number="13800">
[1-%0!05u!] Unknown PBM, PGM or RLE file format.
</MESSAGE>
<MESSAGE name="GBitmap.bad_levels" number="13801">
[1-%0!05u!] (GBitmap::set_grays) Illegal number of gray levels.
</MESSAGE>
<MESSAGE name="GBitmap.bad_PBM" number="13802">
[1-%0!05u!] Malformed PBM file.
</MESSAGE>
<MESSAGE name="GBitmap.cant_compress" number="13803">
[1-%0!05u!] Cannot compress gray level bitmap.
</MESSAGE>
<MESSAGE name="GBitmap.cant_make_PBM" number="13804">
[1-%0!05u!] Cannot make PBM file with a gray level bitmap.
</MESSAGE>
<MESSAGE name="GBitmap.left_damaged" number="13805">
[1-%0!05u!] debug: left border is damaged.
</MESSAGE>
<MESSAGE name="GBitmap.lost_sync2" number="13806">
[1-%0!05u!] (GBitmap::decode) RLE synchronization lost.
</MESSAGE>
<MESSAGE name="GBitmap.lost_sync" number="13807">
[1-%0!05u!] RLE: synchronization lost.
</MESSAGE>
<MESSAGE name="GBitmap.not_init" number="13808">
[1-%0!05u!] Uninitialized bitmap.
</MESSAGE>
<MESSAGE name="GBitmap.not_int" number="13809">
[1-%0!05u!] Reading bitmap: integer expected.
</MESSAGE>
<MESSAGE name="GBitmap.null_arg" number="13810">
[1-%0!05u!] (GBitmap::decode) Called with null argument.
</MESSAGE>
<MESSAGE name="GBitmap.right_damaged" number="13811">
[1-%0!05u!] debug: right border is damaged.
</MESSAGE>
<MESSAGE name="GBitmap.zero_damaged" number="13812">
[1-%0!05u!] debug: zero array is damaged.
</MESSAGE>
<MESSAGE name="GBitmap.zero_small" number="13813">
[1-%0!05u!] debug: zerobuffer is too small.
</MESSAGE>
<MESSAGE name="GContainer.bad_args" number="13900">
[1-%0!05u!] Invalid arguments for GArray::resize.
</MESSAGE>
<MESSAGE name="GContainer.bad_howmany" number="13901">
[1-%0!05u!] Illegal value for argument &apos;howmany&apos;
</MESSAGE>
<MESSAGE name="GContainer.bad_pos_cont" number="13902">
[1-%0!05u!] Invalid position (points into another container).
</MESSAGE>
<MESSAGE name="GContainer.bad_pos" number="13903">
[1-%0!05u!] Invalid position.
</MESSAGE>
<MESSAGE name="GContainer.bad_pos_null" number="13904">
[1-%0!05u!] Invalid position (null pointer).
</MESSAGE>
<MESSAGE name="GContainer.bad_sub2" number="13905">
[1-%0!05u!] Illegal subscript in GArray::del.
</MESSAGE>
<MESSAGE name="GContainer.cannot_add" number="13906">
[1-%0!05u!] Cannot add key to constant associative map.
</MESSAGE>
<MESSAGE name="GContainer.illegal_subscript" number="13907">
[1-%0!05u!] GArray subscript is out of bounds.
</MESSAGE>
<MESSAGE name="GException.outofmemory" number="14000">
[1-%0!05u!] Out of memory.
</MESSAGE>
<MESSAGE name="GIFFManager.bad_char" number="14100">
[1-%0!05u!] Chunk name may not contain dots, and brackets.
</MESSAGE>
<MESSAGE name="GIFFManager.cant_find2" number="14101">
[1-%0!05u!] Can&apos;t find top level FORM chunk in the IFF file being
loaded.
</MESSAGE>
<MESSAGE name="GIFFManager.cant_find" number="14102">
[1-%0!05u!] Can&apos;t find chunk with name &apos;%1!s!&apos;.
</MESSAGE>
<MESSAGE name="GIFFManager.del_empty" number="14103">
[1-%0!05u!] Attempt to delete a chunk with empty name.
</MESSAGE>
<MESSAGE name="GIFFManager.garbage" number="14104">
[1-%0!05u!] Chunk name contains garbage after &apos;]&apos;.
</MESSAGE>
<MESSAGE name="GIFFManager.get_empty" number="14105">
[1-%0!05u!] Attempt to get a chunk with empty name.
</MESSAGE>
<MESSAGE name="GIFFManager.malformed" number="14106">
[1-%0!05u!] Malformed chunk name &apos;%1!s!&apos;: ends with a dot.
</MESSAGE>
<MESSAGE name="GIFFManager.no_brackets" number="14107">
[1-%0!05u!] Chunk name may not contain brackets.
</MESSAGE>
<MESSAGE name="GIFFManager.no_chunk" number="14108">
[1-%0!05u!] There is no subchunk &apos;%1!s!&apos; #%2!d! in chunk
&apos;%3!s!&apos;.
</MESSAGE>
<MESSAGE name="GIFFManager.no_dots" number="14109">
[1-%0!05u!] Chunk name may not contain dots.
</MESSAGE>
<MESSAGE name="GIFFManager.no_top_cont" number="14110">
[1-%0!05u!] Only a container may be top level chunk.
</MESSAGE>
<MESSAGE name="GIFFManager.no_top_name" number="14111">
[1-%0!05u!] Top level chunk name is not known yet.
</MESSAGE>
<MESSAGE name="GIFFManager.one_colon" number="14112">
[1-%0!05u!] Chunk name may contain only one colon.
</MESSAGE>
<MESSAGE name="GIFFManager.unknown" number="14114">
[1-%0!05u!] Internal error: chunk &apos;%1!s!&apos; is not known.
</MESSAGE>
<MESSAGE name="GIFFManager.unmatched" number="14115">
[1-%0!05u!] Unmatched opening bracket in chunk name encountered.
</MESSAGE>
<MESSAGE name="GIFFManager.wrong_name2" number="14116">
[1-%0!05u!] The name of the top level chunk is not &apos;%1!s!&apos;.
</MESSAGE>
<MESSAGE name="GIFFManager.wrong_name" number="14117">
[1-%0!05u!] The top level chunk of the file does not have the name &apos;%1!s!
&apos;.
</MESSAGE>
<MESSAGE name="GMapAreas.intersect" number="14200">
[1-%0!05u!] Some polygon segments intersect.
</MESSAGE>
<MESSAGE name="GMapAreas.oval_border" number="14201">
[1-%0!05u!] This border type is not supported by oval map areas.
</MESSAGE>
<MESSAGE name="GMapAreas.oval_hilite" number="14202">
[1-%0!05u!] Area highlighting is not supported by oval map areas.
</MESSAGE>
<MESSAGE name="GMapAreas.poly_border" number="14203">
[1-%0!05u!] This border type is not supported by polygon map areas.
</MESSAGE>
<MESSAGE name="GMapAreas.poly_hilite" number="14204">
[1-%0!05u!] Area highlighting is not supported by polygon map areas.
</MESSAGE>
<MESSAGE name="GMapAreas.too_few_points" number="14205">
[1-%0!05u!] Too few points in polygon.
</MESSAGE>
<MESSAGE name="GMapAreas.width_1" number="14206">
[1-%0!05u!] Border width must be 1 for XOR and SOLID border types.
</MESSAGE>
<MESSAGE name="GMapAreas.width_3-32" number="14207">
[1-%0!05u!] Border width must be between 3 and 32 for SHADOW border types.
</MESSAGE>
<MESSAGE name="GMapAreas.zero_height" number="14208">
[1-%0!05u!] Area height is ZERO.
</MESSAGE>
<MESSAGE name="GMapAreas.zero_width" number="14209">
[1-%0!05u!] Area width is ZERO.
</MESSAGE>
<MESSAGE name="GPixmap.bad_param" number="14400">
[1-%0!05u!] (GPixmap::color_correct) Illegal parameter.
</MESSAGE>
<MESSAGE name="GPixmap.diff_size" number="14401">
[1-%0!05u!] Color pixmap and alpha bitmap have different sizes.
</MESSAGE>
<MESSAGE name="GPixmap.no_int" number="14402">
[1-%0!05u!] Reading pixmap: integer expected.
</MESSAGE>
<MESSAGE name="GPixmap.null_alpha" number="14403">
[1-%0!05u!] Null alpha bitmap pointer.
</MESSAGE>
<MESSAGE name="GPixmap.null_color" number="14404">
[1-%0!05u!] Null color pixmap pointer.
</MESSAGE>
<MESSAGE name="GPixmap.overflow1" number="14405">
[1-%0!05u!] (GPixmap::downsample) Specified rectangle overflows destination
pixmap.
</MESSAGE>
<MESSAGE name="GPixmap.overflow2" number="14406">
[1-%0!05u!] (GPixmap::upsample) Specified rectangle overflows destination
pixmap.
</MESSAGE>
<MESSAGE name="GPixmap.overflow3" number="14407">
[1-%0!05u!] (GPixmap::downsample43) Specified rectangle overflows destination
pixmap.
</MESSAGE>
<MESSAGE name="GPixmap.overflow4" number="14408">
[1-%0!05u!] (GPixmap::upsample23) Specified rectangle overflows destination
pixmap.
</MESSAGE>
<MESSAGE name="GPixmap.overflow5" number="14409">
[1-%0!05u!] (GPixmap::stencil) Specified rectangle overflows foreground
pixmap.
</MESSAGE>
<MESSAGE name="GPixmap.unk_PPM" number="14410">
[1-%0!05u!] Unknown PPM file format.
</MESSAGE>
<MESSAGE name="GRect.div_zero" number="14500">
[1-%0!05u!] Division by zero.
</MESSAGE>
<MESSAGE name="GRect.empty_rect1" number="14501">
[1-%0!05u!] Illegal empty rect in GRectMapper::set_input.
</MESSAGE>
<MESSAGE name="GRect.empty_rect2" number="14502">
[1-%0!05u!] Illegal empty rect in GRectMapper::set_output.
</MESSAGE>
<MESSAGE name="GRect.empty_rect3" number="14503">
[1-%0!05u!] Illegal empty rectangles in GRectMapper::[un]map.
</MESSAGE>
<MESSAGE name="GScaler.assertion" number="14600">
[1-%0!05u!] Assertion failed.
</MESSAGE>
<MESSAGE name="GScaler.no_match" number="14601">
[1-%0!05u!] Input pixmap does not match input rectangle.
</MESSAGE>
<MESSAGE name="GScaler.ratios" number="14602">
[1-%0!05u!] GScaler ratios must be both null or both positive.
</MESSAGE>
<MESSAGE name="GScaler.too_big" number="14603">
[1-%0!05u!] Desired output exceeds full image output rect.
</MESSAGE>
<MESSAGE name="GScaler.too_small" number="14604">
[1-%0!05u!] Provided input pixmap is too small.
</MESSAGE>
<MESSAGE name="GScaler.undef_size" number="14605">
[1-%0!05u!] GScaler input_size and output_size are still undefined.
</MESSAGE>
<MESSAGE name="GSmartPointer.suspicious" number="14700">
[1-%0!05u!] Suspicious destruction of referenced GPEnabled object.
</MESSAGE>
<MESSAGE name="GString.bad_subscript" number="14800">
[1-%0!05u!] Illegal subscript in GString::operator[].
</MESSAGE>
<MESSAGE name="GString.overwrite" number="14801">
[1-%0!05u!] Memory Overwrite. Program in unstable state.
</MESSAGE>
<MESSAGE name="GStringRep.NativeToNative" number="14802">
[1-%0!05u!] Attempt to convert native encoding to native encoding.
</MESSAGE>>
<MESSAGE name="GStringRep.UTF8ToUTF8" number="14803">
[1-%0!05u!] Attempt to convert UTF8 encoding to UTF8 encoding.
</MESSAGE>>
<MESSAGE name="GStringRep.appendNativeToUTF8" number="14804">
[1-%0!05u!] Attempt to append native string to UTF8 string.
</MESSAGE>>
<MESSAGE name="GStringRep.appendUTF8toNative" number="14805">
[1-%0!05u!] Attempt to append UTF8 string to native string.
</MESSAGE>>
<MESSAGE name="GThreads.co_panic" number="14900">
[1-%0!05u!] Panic COTHREADS : exception context not found.
</MESSAGE>
<MESSAGE name="GThreads.dupl_callback" number="14901">
[1-%0!05u!] GThread::set_scheduling_callback called twice.
</MESSAGE>
<MESSAGE name="GThreads.not_acq_broad" number="14902">
[1-%0!05u!] Monitor was not acquired by this thread (GMonitor::broadcast).
</MESSAGE>
<MESSAGE name="GThreads.not_acq_leave" number="14903">
[1-%0!05u!] Monitor was not acquired by this thread (GMonitor::leave).
</MESSAGE>
<MESSAGE name="GThreads.not_acq_signal" number="14904">
[1-%0!05u!] Monitor was not acquired by this thread (GMonitor::signal).
</MESSAGE>
<MESSAGE name="GThreads.not_acq_wait" number="14905">
[1-%0!05u!] Monitor was not acquired by this thread (GMonitor::wait).
</MESSAGE>
<MESSAGE name="GThreads.panic" number="14906">
[1-%0!05u!] PANIC: Cothreads deadlock.
</MESSAGE>
<MESSAGE name="GThreads.uncaught" number="14907">
[1-%0!05u!] GThreads: uncaught exception.
</MESSAGE>
<MESSAGE name="GThreads.unrecognized" number="14908">
[1-%0!05u!] GThreads: unrecognized uncaught exception.
</MESSAGE>
<MESSAGE name="GURL.fail_to_file" number="15000">
[1-%0!05u!] Failed to convert URL to filename.
</MESSAGE>
<MESSAGE name="GURL.fail_to_URL" number="15001">
[1-%0!05u!] Failed to convert filename back to URL.
</MESSAGE>
<MESSAGE name="GURL.no_protocol" number="15002">
[1-%0!05u!] URL &apos;%1!s!&apos; does not contain a protocol prefix.
</MESSAGE>
<MESSAGE name="GURL.big_name" number="15003">
[1-%0!05u!] File name is too long.
</MESSAGE>
<MESSAGE name="GURL.listdir" number="15004">
[1-%0!05u!] GURL::listdir is not implemented on this platform.
</MESSAGE>
<MESSAGE name="GURL.no_rename" number="15005">
[1-%0!05u!] rename() is not available on WinCE devices.
</MESSAGE>
<MESSAGE name="IFFByteStream.bad_chunk" number="15100">
[1-%0!05u!] Illegal chunk id (IFFByteStream::put_chunk).
</MESSAGE>
<MESSAGE name="IFFByteStream.bad_offset" number="15101">
[1-%0!05u!] IFFByteStream (internal error) offset beyond chunk boundary.
</MESSAGE>
<MESSAGE name="IFFByteStream.cant_close" number="15102">
[1-%0!05u!] Cannot close chunk when no chunk is open.
</MESSAGE>
<MESSAGE name="IFFByteStream.cant_write" number="15103">
[1-%0!05u!] Cannot write until previous chunk is complete.
</MESSAGE>
<MESSAGE name="IFFByteStream.corrupt_2nd_id" number="15104">
[1-%0!05u!] Corrupted IFF file (Illegal secondary chunk id).
</MESSAGE>
<MESSAGE name="IFFByteStream.corrupt_end2" number="15105">
[1-%0!05u!] Corrupted IFF file (EndOfChunk while reading chunk size).
</MESSAGE>
<MESSAGE name="IFFByteStream.corrupt_end" number="15106">
[1-%0!05u!] Corrupted IFF file (EndOfChunk while reading chunk ID).
</MESSAGE>
<MESSAGE name="IFFByteStream.corrupt_header" number="15107">
[1-%0!05u!] Corrupted IFF file (EndOfChunk while reading composite chunk
header).
</MESSAGE>
<MESSAGE name="IFFByteStream.corrupt_id" number="15108">
[1-%0!05u!] Corrupted IFF file (Illegal chunk id).
</MESSAGE>
<MESSAGE name="IFFByteStream.corrupt_mangled" number="15109">
[1-%0!05u!] Corrupted IFF file (Mangled chunk boundaries).
</MESSAGE>
<MESSAGE name="IFFByteStream.no_chunk_id" number="15110">
[1-%0!05u!] No chunk id available yet.
</MESSAGE>
<MESSAGE name="IFFByteStream.not_ready2" number="15111">
[1-%0!05u!] IFFByteStream not ready for writing chunks.
</MESSAGE>
<MESSAGE name="IFFByteStream.not_ready3" number="15112">
[1-%0!05u!] IFFByteStream not ready for reading bytes.
</MESSAGE>
<MESSAGE name="IFFByteStream.not_ready4" number="15113">
[1-%0!05u!] IFFByteStream not ready for writing bytes.
</MESSAGE>
<MESSAGE name="IFFByteStream.not_ready" number="15114">
[1-%0!05u!] IFFByteStream not ready for reading chunk.
</MESSAGE>
<MESSAGE name="IFFByteStream.read_write" number="15115">
[1-%0!05u!] Attempt to write and read the same IFFByteStream.
</MESSAGE>
<MESSAGE name="Internal.error" number="15200">
[1-%0!05u!] Internal error.
</MESSAGE>
<MESSAGE name="IW44Image.bad_rect" number="15300">
[1-%0!05u!] (IWMap::image) Rectangle is out of bounds.
</MESSAGE>
<MESSAGE name="IW44Image.cant_read_primary2" number="15302">
[1-%0!05u!] (IWPixmap::decode_chunk) Cannot read primary header.
</MESSAGE>
<MESSAGE name="IW44Image.cant_read_primary" number="15303">
[1-%0!05u!] (IWBitmap::decode_chunk) Cannot read primary header.
</MESSAGE>
<MESSAGE name="IW44Image.cant_read_secondary2" number="15304">
[1-%0!05u!] (IWPixmap::decode_chunk) Cannot read secondary header.
</MESSAGE>
<MESSAGE name="IW44Image.cant_read_secondary" number="15305">
[1-%0!05u!] (IWBitmap::decode_chunk) Cannot read secondary header.
</MESSAGE>
<MESSAGE name="IW44Image.cant_read_tertiary2" number="15306">
[1-%0!05u!] (IWPixmap::decode_chunk) Cannot read tertiary header.
</MESSAGE>
<MESSAGE name="IW44Image.cant_read_tertiary" number="15307">
[1-%0!05u!] (IWBitmap::decode_chunk) Cannot read tertiary header.
</MESSAGE>
<MESSAGE name="IW44Image.codec_open2" number="15308">
[1-%0!05u!] (IWBitmap::decode_chunk) Codec still open for decoding.
</MESSAGE>
<MESSAGE name="IW44Image.corrupt_BM44_2" number="15312">
[1-%0!05u!] (IWPixmap::decode_iff) File is corrupted (cannot read FORM.BM44).
</MESSAGE>
<MESSAGE name="IW44Image.corrupt_BM44" number="15313">
[1-%0!05u!] (IWBitmap::decode_iff) File is corrupted (cannot read FORM.BM44).
</MESSAGE>
<MESSAGE name="IW44Image.empty_object2" number="15315">
[1-%0!05u!] (IWPixmap::encode_chunk) IWBitmap object is empty.
</MESSAGE>
<MESSAGE name="IW44Image.empty_object" number="15316">
[1-%0!05u!] (IWBitmap::encode_chunk) IWBitmap object is empty.
</MESSAGE>
<MESSAGE name="IW44Image.empty_rect" number="15317">
[1-%0!05u!] (IWMap::image) Rectangle is empty.
</MESSAGE>
<MESSAGE name="IW44Image.has_color" number="15318">
[1-%0!05u!] (IWBitmap::decode_chunk) File contains a color image.
</MESSAGE>
<MESSAGE name="IW44Image.incompat_codec2" number="15319">
[1-%0!05u!] (IWPixmap::decode_chunk) File has been compressed with an
incompatible IWCodec.
</MESSAGE>
<MESSAGE name="IW44Image.incompat_codec" number="15320">
[1-%0!05u!] (IWBitmap::decode_chunk) File has been compressed with an
incompatible IWCodec.
</MESSAGE>
<MESSAGE name="IW44Image.left_open1" number="15321">
[1-%0!05u!] (IWBitmap::encode_iff) Codec has been left open.
</MESSAGE>
<MESSAGE name="IW44Image.left_open2" number="15322">
[1-%0!05u!] (IWBitmap::decode_iff) Codec has been left open.
</MESSAGE>
<MESSAGE name="IW44Image.left_open3" number="15323">
[1-%0!05u!] (IWPixmap::encode_iff) Codec has been left open.
</MESSAGE>
<MESSAGE name="IW44Image.left_open4" number="15324">
[1-%0!05u!] (IWPixmap::decode_iff) Codec has been left open.
</MESSAGE>
<MESSAGE name="IW44Image.need_stop2" number="15325">
[1-%0!05u!] (IWPixmap::encode_chunk) Must specify a stopping criterion.
</MESSAGE>
<MESSAGE name="IW44Image.need_stop" number="15326">
[1-%0!05u!] (IWBitmap::encode_chunk) Must specify a stopping criterion.
</MESSAGE>
<MESSAGE name="IW44Image.param_range2" number="15327">
[1-%0!05u!] (IWPixmap::parm_dbfrac) parameter out of range.
</MESSAGE>
<MESSAGE name="IW44Image.param_range" number="15328">
[1-%0!05u!] (IWBitmap::parm_dbfrac) parameter out of range.
</MESSAGE>
<MESSAGE name="IW44Image.recent_codec2" number="15329">
[1-%0!05u!] (IWPixmap::decode_chunk) File has been compressed with a more
recent IWCodec.
</MESSAGE>
<MESSAGE name="IW44Image.recent_codec" number="15330">
[1-%0!05u!] (IWBitmap::decode_chunk) File has been compressed with a more
recent IWCodec.
</MESSAGE>
<MESSAGE name="IW44Image.sample_factor" number="15331">
[1-%0!05u!] (IWMap::image) Unsupported subsampling factor.
</MESSAGE>
<MESSAGE name="IW44Image.wrong_serial2" number="15332">
[1-%0!05u!] (IWPixmap::decode_chunk) Chunk does not bear expected serial
number.
</MESSAGE>
<MESSAGE name="IW44Image.wrong_serial" number="15333">
[1-%0!05u!] (IWBitmap::decode_chunk) Chunk does not bear expected serial
number.
</MESSAGE>
<MESSAGE name="JB2Image.bad_dict2" number="15400">
[1-%0!05u!] Corrupted file: non zero image dimension in JB2 dictionary.
</MESSAGE>
<MESSAGE name="JB2Image.bad_dict" number="15401">
[1-%0!05u!] Size of shape dictionary does not match JB2 data.
</MESSAGE>
<MESSAGE name="JB2Image.bad_number" number="15402">
[1-%0!05u!] (JB2Codec::CodeNum) Number is outside the bounds.
</MESSAGE>
<MESSAGE name="JB2Image.bad_numcontext" number="15403">
[1-%0!05u!] (JB2Codec::CodeNum) Illegal NumContext.
</MESSAGE>
<MESSAGE name="JB2Image.bad_parent_shape" number="15404">
[1-%0!05u!] Illegal parent shape number in JB2Shape.
</MESSAGE>
<MESSAGE name="JB2Image.bad_shape" number="15405">
[1-%0!05u!] Illegal shape number in JB2Blit.
</MESSAGE>
<MESSAGE name="JB2Image.bad_type" number="15406">
[1-%0!05u!] Corrupted file: Illegal record type for shape dictionary.
</MESSAGE>
<MESSAGE name="JB2Image.cant_change" number="15407">
[1-%0!05u!] Cannot change dictionary once set.
</MESSAGE>
<MESSAGE name="JB2Image.cant_create" number="15408">
[1-%0!05u!] Cannot create bitmap image for an unsized JB2Image object.
</MESSAGE>
<MESSAGE name="JB2Image.cant_set" number="15409">
[1-%0!05u!] Cannot set dictionary after adding shapes.
</MESSAGE>
<MESSAGE name="JB2Image.need_dict" number="15410">
[1-%0!05u!] JB2 data requires a shape dictionary.
</MESSAGE>
<MESSAGE name="JB2Image.no_start" number="15411">
[1-%0!05u!] Corrupted file: No start record.
</MESSAGE>
<MESSAGE name="JB2Image.unknown_type" number="15412">
[1-%0!05u!] Corrupted file: Unknown record type.
</MESSAGE>
<MESSAGE name="JB2Image.zero_dim" number="15413">
[1-%0!05u!] Corrupted file: JB2 image dimension is zero.
</MESSAGE>
<MESSAGE name="MMRDecoder.bad_codebook" number="15500">
[1-%0!05u!] Ambiguous MMR codebook.
</MESSAGE>
<MESSAGE name="MMRDecoder.bad_data" number="15501">
[1-%0!05u!] Invalid G4/MMR Data.
</MESSAGE>
<MESSAGE name="MMRDecoder.bad_header" number="15502">
[1-%0!05u!] Corrupted G4/MMR header.
</MESSAGE>
<MESSAGE name="MMRDecoder.cant_process" number="15503">
[1-%0!05u!] Cannot processed uncompressed bits in G4/MMR data.
</MESSAGE>
<MESSAGE name="MMRDecoder.unrecog_header" number="15504">
[1-%0!05u!] Cannot recognize G4/MMR header.
</MESSAGE>
<MESSAGE name="not_implemented_n" number="15600">
[1-%0!05u!] %1!s! is not implemented.
</MESSAGE>
<MESSAGE name="not_implemented" number="15700">
[1-%0!05u!] Not implemented.
</MESSAGE>
<MESSAGE name="parseoptions.ambiguous" number="15800">
[1-%0!05u!] Ambiguous options: &apos;%1!s!=%2!s!&apos; and &apos;%3!s!=%4!s!
&apos; specified.
</MESSAGE>
<MESSAGE name="parseoptions.bad_number" number="15802">
[1-%0!05u!] &apos;%1!s!&apos; is not a number.
</MESSAGE>
<MESSAGE name="parseoptions.bad_value" number="15803">
[1-%0!05u!] &apos;%1!s!&apos; is not a number or boolean value.
</MESSAGE>
<MESSAGE name="parseoptions.cant_inherit" number="15804">
[1-%0!05u!] %1!s!: Error in line %2!d! of &apos;%3!s!&apos;&#10;&#09;--
&gt; can not inherit unknown profile &apos;%4!s!&apos;
</MESSAGE>
<MESSAGE name="parseoptions.illegal_profile" number="15805">
[1-%0!05u!] %1!s!: Error in line %2!d! of profile &apos;%3!s!&apos;&#10;
&#09;--&gt; Illegal profile name &apos;%4!s!&apos;
</MESSAGE>
<MESSAGE name="parseoptions.missing_arg_option" number="15806">
[1-%0!05u!] Argument required for --%1!s! option.
</MESSAGE>
<MESSAGE name="parseoptions.profile_error" number="15807">
[1-%0!05u!] %1!s!: Error in line %2!d! of profile &apos;%3!s!&apos;&#10;
&#09;--&gt; %4!s!.
</MESSAGE>
<MESSAGE name="parseoptions.unrecog_option_c" number="15808">
[1-%0!05u!] Unrecognized option -%1!s!.
</MESSAGE>
<MESSAGE name="parseoptions.unrecog_option" number="15809">
[1-%0!05u!] Unrecognized option &apos;%1!s!&apos;
</MESSAGE>
<MESSAGE name="STOP" number="16000">
[1-%0!05u!] Uncaught STOP message.
</MESSAGE>
<MESSAGE name="TextException.test" number="16100">
[1-%0!05u!] Test exception.
</MESSAGE>
<MESSAGE name="XMLAnno.bad_color" number="16200">
[1-%0!05u!] Color %1!s! is not supported.
</MESSAGE>
<MESSAGE name="XMLAnno.bad_page" number="16201">
[1-%0!05u!] Failed to get specified page.
</MESSAGE>
<MESSAGE name="XMLAnno.bad_rect" number="16202">
[1-%0!05u!] Too few coordinates for rectangular region.
</MESSAGE>
<MESSAGE name="XMLAnno.bad_circle" number="16203">
[1-%0!05u!] Too few coordinates for circular region.
</MESSAGE>
<MESSAGE name="XMLAnno.bad_oval" number="16204">
[1-%0!05u!] Too few coordinates for oval region.
</MESSAGE>
<MESSAGE name="XMLAnno.unknown_shape" number="16205">
[1-%0!05u!] Unknown shape %1!s!.
</MESSAGE>
<MESSAGE name="XMLAnno.unknown_border" number="16206">
[1-%0!05u!] Unrecongized border type %1!s!.
</MESSAGE>
<MESSAGE name="XMLAnno.extra_body" number="16207">
[1-%0!05u!] Exactly one&lt;BODY&gt;&lt;/BODY&gt; pair is needed.
</MESSAGE>
<MESSAGE name="XMLAnno.no_body" number="16208">
[1-%0!05u!] No&lt;BODY&gt;&lt;/BODY&gt; pair found.
</MESSAGE>
<MESSAGE name="XMLAnno.map_find" number="16209">
[1-%0!05u!] Failed to find specified map %1!s!.
</MESSAGE>
<MESSAGE name="XMLAnno.fail_init" number="16210">
[1-%0!05u!] Failed to initialize %1!s!.
</MESSAGE>
<MESSAGE name="XMLTags.no_GP" number="16300">
[1-%0!05u!] Not secured by a GP pointer.
</MESSAGE>
<MESSAGE name="XMLTags.raw_string" number="16301">
[1-%0!05u!] Raw string '%1!s!' found outside document scope.
</MESSAGE>
<MESSAGE name="XMLTags.bad_tag" number="16302">
[1-%0!05u!] Unterminated Tag %1!s!.
</MESSAGE>
<MESSAGE name="XMLTags.bad_PI" number="16303">
[1-%0!05u!] Unterminated Processing Instruction: %1!s!.
</MESSAGE>
<MESSAGE name="XMLTags.bad_comment" number="16304">
[1-%0!05u!] Unterminated Comment: %1!s!.
</MESSAGE>
<MESSAGE name="XMLTags.bad_form" number="16305">
[1-%0!05u!] Well formed error. Too many end tags.
</MESSAGE>
<MESSAGE name="XMLTags.no_body" number="16306">
[1-%0!05u!] No body.
</MESSAGE>
<MESSAGE name="XMLTags.unmatched_end" number="16307">
[1-%0!05u!] XML tag &apos;%1!s!&apos; on line %2!u! was terminated with XML
tag &apos;%3!s!&apos; line %4!u!.
</MESSAGE>
<MESSAGE name="ZPCodec.no_encoding" number="16400">
[1-%0!05u!] ZPCodec has not been created for encoding.
</MESSAGE>
<MESSAGE name="ZPCodec.write_error" number="16401">
[1-%0!05u!] ZPCodec write error.
</MESSAGE>
<MESSAGE name="DjVuDynamicLib.failed_open2" number="16402">
[1-%0!05u!] Failed to open dynamic library '%1!s!'.
	System reported: '%2!s!'.
</MESSAGE>
<MESSAGE name="DjVuDynamicLib.failed_open" number="16403">
[1-%0!05u!] Failed to open dynamic library '%1!s!'.
</MESSAGE>
</BODY>
</DjVuMessages>
